Feature,CorrelationWithQuality
alcohol,0.44431852000765404
density,-0.3058579060694141
volatile acidity,-0.26569947761146784
chlorides,-0.20066550043510195
citric acid,0.08553171718367844
fixed acidity,-0.07674320790961986
free sulfur dioxide,0.05546305861663262
total sulfur dioxide,-0.041385453855608795
sulphates,0.038485445876514424
residual sugar,-0.036980484585769455
pH,0.019505703714435902
